{"cameraMode":{"drawMode":0,"name":"Shaded","section":"Shading Mode"},"sceneLighting":false,"audioPlay":false,"sceneViewState":{"m_AlwaysRefresh":false,"showFog":true,"showSkybox":false,"showFlares":true,"showImageEffects":true,"showParticleSystems":true,"showVisualEffectGraphs":true,"m_FxEnabled":true},"in2DMode":false,"pivot":{"x":7.905002117156982,"y":6.2990498542785648,"z":6.770428657531738},"rotation":{"x":-0.662994921207428,"y":-0.0017996238311752678,"z":0.0015927792992442847,"w":-0.7486270070075989},"size":0.7085339426994324,"orthographic":false}