{"cameraMode":{"drawMode":0,"name":"Shaded","section":"Shading Mode"},"sceneLighting":true,"audioPlay":false,"sceneViewState":{"m_AlwaysRefresh":false,"showFog":true,"showSkybox":true,"showFlares":true,"showImageEffects":true,"showParticleSystems":true,"showVisualEffectGraphs":true,"m_FxEnabled":true},"in2DMode":false,"pivot":{"x":10.040785789489746,"y":3.570451259613037,"z":2.6774563789367677},"rotation":{"x":-0.5386081337928772,"y":-0.008343874476850033,"z":0.005334286484867334,"w":-0.8425074219703674},"size":4.131789207458496,"orthographic":false}